entry,wer,time,accuracy
0,0.4090909090909091,1.3983385562896729,0.5909090909090908
1,0.2692307692307692,1.2695155143737793,0.7307692307692308
2,0.17391304347826086,1.1875560283660889,0.8260869565217391
3,0.27586206896551724,1.278076171875,0.7241379310344828
4,0.35714285714285715,1.050489902496338,0.6428571428571428
5,0.2857142857142857,1.0922856330871582,0.7142857142857143
6,0.34782608695652173,1.2358477115631104,0.6521739130434783
7,0.23076923076923078,1.4706792831420898,0.7692307692307692
8,0.3,1.198760986328125,0.7
9,0.47368421052631576,1.199577808380127,0.5263157894736843
10,0.4444444444444444,1.2228138446807861,0.5555555555555556
11,0.45454545454545453,1.1027042865753174,0.5454545454545454
12,0.11428571428571428,1.4660868644714355,0.8857142857142857
13,0.36585365853658536,1.474679708480835,0.6341463414634146
14,0.17857142857142858,1.566359043121338,0.8214285714285714
15,0.19230769230769232,1.6712007522583008,0.8076923076923077
16,0.2222222222222222,1.7806684970855713,0.7777777777777778
17,0.27586206896551724,2.1146299839019775,0.7241379310344828
18,0.34285714285714286,2.0043246746063232,0.6571428571428571
19,0.1875,1.3922502994537354,0.8125
20,0.2,1.5449914932250977,0.8
21,0.5,1.3196847438812256,0.5
22,0.20833333333333334,1.5398669242858887,0.7916666666666666
23,0.15625,1.66438627243042,0.84375
24,0.23076923076923078,1.672102928161621,0.7692307692307692
25,0.38461538461538464,1.3825654983520508,0.6153846153846154
26,0.15789473684210525,1.771695852279663,0.8421052631578947
27,0.3333333333333333,1.5204768180847168,0.6666666666666667
28,0.41935483870967744,1.7308762073516846,0.5806451612903225
29,0.5882352941176471,1.540945291519165,0.4117647058823529
30,0.15789473684210525,1.470546007156372,0.8421052631578947
31,0.36666666666666664,1.7164733409881592,0.6333333333333333
32,0.18181818181818182,1.7502148151397705,0.8181818181818181
33,0.15789473684210525,1.5322515964508057,0.8421052631578947
34,0.09523809523809523,1.5854158401489258,0.9047619047619048
35,0.2777777777777778,1.4609425067901611,0.7222222222222222
36,0.42857142857142855,1.5272040367126465,0.5714285714285714
37,0.23943661971830985,3.174877405166626,0.7605633802816901
38,0.35,1.5159966945648193,0.65
39,0.34375,1.9121510982513428,0.65625
40,0.11764705882352941,1.3957717418670654,0.8823529411764706
41,0.20833333333333334,1.563978910446167,0.7916666666666666
42,0.08,1.6244566440582275,0.92
43,0.19718309859154928,3.084362030029297,0.8028169014084507
44,0.13793103448275862,1.6668272018432617,0.8620689655172413
45,0.1724137931034483,1.6327974796295166,0.8275862068965517
46,0.375,1.4655609130859375,0.625
47,0.47368421052631576,1.4773228168487549,0.5263157894736843
48,0.17647058823529413,1.41213059425354,0.8235294117647058
49,0.25,1.4622833728790283,0.75
50,0.3333333333333333,2.4693145751953125,0.6666666666666667
51,0.19230769230769232,1.7071387767791748,0.8076923076923077
52,0.1111111111111111,2.350560188293457,0.8888888888888888
53,0.14285714285714285,1.715400218963623,0.8571428571428572
54,0.23529411764705882,1.8699462413787842,0.7647058823529411
55,0.20689655172413793,1.6917626857757568,0.7931034482758621
56,0.04,1.5353116989135742,0.96
57,0.3,1.4318475723266602,0.7
58,0.08333333333333333,2.2506237030029297,0.9166666666666666
59,0.2962962962962963,1.5417921543121338,0.7037037037037037
60,0.631578947368421,1.530879020690918,0.368421052631579
61,0.05,1.429394245147705,0.95
62,0.4090909090909091,1.5957865715026855,0.5909090909090908
63,0.5333333333333333,1.368945837020874,0.4666666666666667
64,0.13333333333333333,1.3609511852264404,0.8666666666666667
65,0.3333333333333333,1.4400534629821777,0.6666666666666667
66,0.6363636363636364,1.7317893505096436,0.36363636363636365
67,0.0625,1.3453054428100586,0.9375
68,0.08571428571428572,1.725247859954834,0.9142857142857143
69,0.20588235294117646,1.9653401374816895,0.7941176470588236
70,0.20588235294117646,1.694206714630127,0.7941176470588236
71,0.05555555555555555,1.7416260242462158,0.9444444444444444
72,0.28,1.600017786026001,0.72
73,0.14285714285714285,1.3917908668518066,0.8571428571428572
74,0.3333333333333333,1.3443388938903809,0.6666666666666667
75,0.2,1.5551400184631348,0.8
76,0.325,1.8891780376434326,0.675
77,0.4166666666666667,1.2932617664337158,0.5833333333333333
78,0.15,1.4153563976287842,0.85
79,0.23076923076923078,1.5305171012878418,0.7692307692307692
80,0.125,1.3516297340393066,0.875
81,0.3225806451612903,1.658064365386963,0.6774193548387097
82,0.34615384615384615,1.5484824180603027,0.6538461538461539
83,0.25,1.491697072982788,0.75
84,0.5714285714285714,1.2451815605163574,0.4285714285714286
85,0.5,1.7498843669891357,0.5
86,0.36363636363636365,1.5148954391479492,0.6363636363636364
87,0.1111111111111111,2.309119939804077,0.8888888888888888
88,0.05263157894736842,1.408606767654419,0.9473684210526316
89,0.2857142857142857,1.5202851295471191,0.7142857142857143
90,0.38095238095238093,1.5561974048614502,0.6190476190476191
91,0.35714285714285715,1.3407785892486572,0.6428571428571428
92,0.09523809523809523,1.479515552520752,0.9047619047619048
93,0.32,1.5512473583221436,0.6799999999999999
94,0.5263157894736842,1.4709854125976562,0.4736842105263158
95,0.14634146341463414,1.8992326259613037,0.8536585365853658
96,0.3333333333333333,1.4698646068572998,0.6666666666666667
97,0.23809523809523808,1.5951924324035645,0.7619047619047619
98,0.35294117647058826,1.5180139541625977,0.6470588235294117
99,0.17391304347826086,1.4620254039764404,0.8260869565217391
100,0.34782608695652173,1.5741262435913086,0.6521739130434783
101,0.42857142857142855,1.5337018966674805,0.5714285714285714
102,0.375,1.5351569652557373,0.625
103,0.3333333333333333,1.628882884979248,0.6666666666666667
104,0.5185185185185185,1.6470465660095215,0.4814814814814815
105,0.17647058823529413,1.4797978401184082,0.8235294117647058
106,0.2,1.5365347862243652,0.8
107,0.3076923076923077,1.4313468933105469,0.6923076923076923
108,0.4,1.5270500183105469,0.6
109,0.4,1.2553856372833252,0.6
110,0.1875,1.4141442775726318,0.8125
111,0.10714285714285714,1.6016380786895752,0.8928571428571429
112,0.13333333333333333,1.3775815963745117,0.8666666666666667
113,0.08333333333333333,1.5234034061431885,0.9166666666666666
114,0.25,1.4530613422393799,0.75
115,0.16666666666666666,1.5327632427215576,0.8333333333333334
116,0.43478260869565216,1.6415271759033203,0.5652173913043479
117,0.2926829268292683,1.9189767837524414,0.7073170731707317
118,0.13793103448275862,1.7000441551208496,0.8620689655172413
119,0.13333333333333333,1.7132041454315186,0.8666666666666667
120,0.13333333333333333,1.605729341506958,0.8666666666666667
121,0.3333333333333333,1.5964927673339844,0.6666666666666667
122,0.21052631578947367,2.2930710315704346,0.7894736842105263
123,0.2,1.516115427017212,0.8
124,0.5,1.7343900203704834,0.5
125,0.25,1.621391773223877,0.75
126,0.1794871794871795,1.8694608211517334,0.8205128205128205
127,0.1388888888888889,1.7825136184692383,0.8611111111111112
128,0.16129032258064516,1.7051689624786377,0.8387096774193549
129,0.2,1.4045147895812988,0.8
130,0.53125,1.7479252815246582,0.46875
131,0.3,1.493612289428711,0.7
132,0.07407407407407407,1.6074817180633545,0.9259259259259259
133,0.15,1.5074892044067383,0.85
134,0.04,1.5504848957061768,0.96
135,0.30434782608695654,1.6129732131958008,0.6956521739130435
136,0.4375,1.5076067447662354,0.5625
137,0.13793103448275862,1.6248080730438232,0.8620689655172413
138,0.34375,1.7559165954589844,0.65625
139,1.1333333333333333,1.4167935848236084,-0.1333333333333333
140,0.24,1.6135451793670654,0.76
141,0.2777777777777778,1.5142066478729248,0.7222222222222222
142,0.14285714285714285,1.3917770385742188,0.8571428571428572
143,0.41379310344827586,1.6627416610717773,0.5862068965517242
144,0.30434782608695654,1.901545763015747,0.6956521739130435
145,0.5333333333333333,1.50626540184021,0.4666666666666667
146,0.21428571428571427,1.6911516189575195,0.7857142857142857
147,0.39215686274509803,2.247741937637329,0.607843137254902
148,0.1111111111111111,1.5470330715179443,0.8888888888888888
149,0.23076923076923078,1.7167298793792725,0.7692307692307692
150,0.22857142857142856,1.7345991134643555,0.7714285714285715
151,0.15789473684210525,1.3963470458984375,0.8421052631578947
152,0.3333333333333333,1.4258170127868652,0.6666666666666667
153,0.36666666666666664,1.6010499000549316,0.6333333333333333
154,0.5,1.2986319065093994,0.5
155,0.39285714285714285,1.591050386428833,0.6071428571428572
156,0.3333333333333333,1.4097568988800049,0.6666666666666667
157,0.2608695652173913,2.0503504276275635,0.7391304347826086
158,0.17391304347826086,1.5050570964813232,0.8260869565217391
159,0.22727272727272727,1.5675764083862305,0.7727272727272727
160,0.15,1.5561208724975586,0.85
161,0.15625,1.850909948348999,0.84375
162,0.4,1.7751843929290771,0.6
163,0.6,1.305891513824463,0.4
164,0.3333333333333333,1.425593614578247,0.6666666666666667
165,0.17647058823529413,1.4413697719573975,0.8235294117647058
166,0.058823529411764705,1.451340675354004,0.9411764705882353
167,0.1875,1.7330448627471924,0.8125
168,0.42857142857142855,1.5466210842132568,0.5714285714285714
169,0.48148148148148145,1.7774159908294678,0.5185185185185186
170,0.14285714285714285,1.725510835647583,0.8571428571428572
171,0.26666666666666666,1.411372423171997,0.7333333333333334
172,0.13793103448275862,1.7325949668884277,0.8620689655172413
173,0.15,1.533275842666626,0.85
174,0.21052631578947367,1.39811372756958,0.7894736842105263
175,0.15,2.047602891921997,0.85
176,0.4,1.41264009475708,0.6
177,0.42105263157894735,1.5212740898132324,0.5789473684210527
178,0.07142857142857142,1.3374018669128418,0.9285714285714286
179,0.17142857142857143,1.8316686153411865,0.8285714285714285
180,0.14285714285714285,1.3303561210632324,0.8571428571428572
181,0.6363636363636364,1.4112322330474854,0.36363636363636365
182,0.23809523809523808,1.5249011516571045,0.7619047619047619
183,0.4090909090909091,1.606039047241211,0.5909090909090908
184,0.25,1.4466814994812012,0.75
185,0.25,1.3238179683685303,0.75
186,0.3684210526315789,1.5154118537902832,0.631578947368421
187,0.23684210526315788,1.7649517059326172,0.7631578947368421
188,0.2857142857142857,1.371406078338623,0.7142857142857143
189,0.17647058823529413,1.3910982608795166,0.8235294117647058
190,0.2222222222222222,1.5945277214050293,0.7777777777777778
191,0.5,1.3303849697113037,0.5
192,0.375,1.3295860290527344,0.625
193,0.25,1.32175874710083,0.75
194,0.16666666666666666,1.3570277690887451,0.8333333333333334
195,0.6666666666666666,1.3588006496429443,0.33333333333333337
196,0.3333333333333333,1.4254975318908691,0.6666666666666667
197,0.1,1.4308741092681885,0.9
198,0.25,1.6590991020202637,0.75
199,0.06896551724137931,1.6299118995666504,0.9310344827586207
200,0.19047619047619047,1.4868378639221191,0.8095238095238095
201,0.25806451612903225,1.691652536392212,0.7419354838709677
202,0.2857142857142857,1.4709084033966064,0.7142857142857143
203,0.3076923076923077,1.6732749938964844,0.6923076923076923
204,0.3793103448275862,1.8105690479278564,0.6206896551724138
205,0.13043478260869565,1.512584924697876,0.8695652173913043
206,0.23076923076923078,1.4269304275512695,0.7692307692307692
207,0.45,1.531308889389038,0.55
208,0.27586206896551724,1.6316461563110352,0.7241379310344828
209,0.23076923076923078,1.6335201263427734,0.7692307692307692
210,0.23809523809523808,1.4899778366088867,0.7619047619047619
211,0.125,1.4136950969696045,0.875
212,0.14285714285714285,1.4160737991333008,0.8571428571428572
213,0.3333333333333333,1.426227331161499,0.6666666666666667
214,0.12903225806451613,1.5804991722106934,0.8709677419354839
215,0.17391304347826086,1.5508832931518555,0.8260869565217391
216,0.15,1.4721486568450928,0.85
217,0.3333333333333333,1.4118025302886963,0.6666666666666667
218,0.13157894736842105,1.7256019115447998,0.868421052631579
219,0.6,1.705763578414917,0.4
220,0.21739130434782608,1.696026086807251,0.782608695652174
221,0.3076923076923077,1.3351001739501953,0.6923076923076923
222,0.13333333333333333,1.61883544921875,0.8666666666666667
223,0.3,1.6974070072174072,0.7
224,0.2,1.354865312576294,0.8
225,0.21428571428571427,1.3351871967315674,0.7857142857142857
226,0.46153846153846156,1.3852365016937256,0.5384615384615384
227,0.08695652173913043,1.5675487518310547,0.9130434782608696
228,0.4166666666666667,1.316328763961792,0.5833333333333333
229,0.4444444444444444,1.4118411540985107,0.5555555555555556
230,0.34545454545454546,2.9583868980407715,0.6545454545454545
231,0.10714285714285714,1.6132299900054932,0.8928571428571429
232,0.3,1.615771770477295,0.7
233,0.16666666666666666,1.4938559532165527,0.8333333333333334
234,0.1590909090909091,1.8358397483825684,0.8409090909090909
235,0.15789473684210525,1.6023662090301514,0.8421052631578947
236,0.125,1.7142481803894043,0.875
237,0.26666666666666666,1.7340340614318848,0.7333333333333334
238,0.2692307692307692,1.5482006072998047,0.7307692307692308
239,0.23076923076923078,1.3329875469207764,0.7692307692307692
240,0.21052631578947367,1.4764199256896973,0.7894736842105263
241,0.5555555555555556,1.4502894878387451,0.4444444444444444
242,0.16666666666666666,1.6213085651397705,0.8333333333333334
243,0.125,1.621096134185791,0.875
244,0.2,1.4248507022857666,0.8
245,0.4666666666666667,1.8077905178070068,0.5333333333333333
246,0.038461538461538464,1.5771527290344238,0.9615384615384616
247,0.15151515151515152,1.7379746437072754,0.8484848484848485
248,0.3333333333333333,1.5246021747589111,0.6666666666666667
249,0.15,1.5616397857666016,0.85
250,0.4,1.3625969886779785,0.6
251,0.10526315789473684,1.4299287796020508,0.8947368421052632
252,0.2608695652173913,1.5877201557159424,0.7391304347826086
253,0.42105263157894735,1.5441105365753174,0.5789473684210527
254,0.1875,1.4122350215911865,0.8125
255,0.12,1.55564284324646,0.88
256,0.5555555555555556,1.5948221683502197,0.4444444444444444
257,0.8,1.2826974391937256,0.19999999999999996
258,0.0625,1.3835933208465576,0.9375
259,0.21052631578947367,1.4754016399383545,0.7894736842105263
260,0.3793103448275862,1.63619065284729,0.6206896551724138
261,0.53125,1.6823956966400146,0.46875
262,0.19047619047619047,1.5262248516082764,0.8095238095238095
263,0.35294117647058826,1.5241613388061523,0.6470588235294117
264,0.10526315789473684,1.4698834419250488,0.8947368421052632
265,0.28125,1.7248506546020508,0.71875
266,0.26666666666666666,1.3887732028961182,0.7333333333333334
267,0.34782608695652173,1.5327446460723877,0.6521739130434783
268,0.1875,1.4097940921783447,0.8125
269,0.17647058823529413,1.3923249244689941,0.8235294117647058
270,0.3333333333333333,1.416558027267456,0.6666666666666667
271,0.35294117647058826,1.4995760917663574,0.6470588235294117
272,0.047619047619047616,1.5421133041381836,0.9523809523809523
273,0.16,1.5555648803710938,0.84
274,0.25,1.4513118267059326,0.75
275,0.35,1.5365753173828125,0.65
276,0.08,1.6434001922607422,0.92
277,0.14285714285714285,1.3344378471374512,0.8571428571428572
278,0.08,1.6112003326416016,0.92
279,0.16,1.6390163898468018,0.84
280,0.3157894736842105,1.4919185638427734,0.6842105263157895
281,0.2777777777777778,1.444958209991455,0.7222222222222222
282,0.21739130434782608,1.4576733112335205,0.782608695652174
283,0.45714285714285713,1.7999675273895264,0.5428571428571429
284,0.3103448275862069,1.7094323635101318,0.6896551724137931
285,0.2916666666666667,1.5577473640441895,0.7083333333333333
286,0.3333333333333333,1.3634583950042725,0.6666666666666667
287,0.375,1.4044561386108398,0.625
288,0.21875,1.8347995281219482,0.78125
289,0.3333333333333333,1.6460506916046143,0.6666666666666667
290,0.2857142857142857,1.6334869861602783,0.7142857142857143
291,0.16666666666666666,1.6847758293151855,0.8333333333333334
292,0.32142857142857145,1.655780553817749,0.6785714285714286
293,0.42857142857142855,1.5432469844818115,0.5714285714285714
294,0.08,2.16767954826355,0.92
295,0.17857142857142858,1.6342010498046875,0.8214285714285714
296,0.17857142857142858,1.7101109027862549,0.8214285714285714
297,0.2,1.466625452041626,0.8
298,0.2631578947368421,1.626122236251831,0.736842105263158
299,0.36,1.6379706859588623,0.64
300,0.24242424242424243,1.782146692276001,0.7575757575757576
301,0.5,1.7137360572814941,0.5
302,0.0625,1.3656928539276123,0.9375
303,0.23684210526315788,1.758622646331787,0.7631578947368421
304,0.15,1.533900499343872,0.85
305,0.2777777777777778,1.4524567127227783,0.7222222222222222
306,0.125,1.3722610473632812,0.875
307,0.55,1.6104774475097656,0.44999999999999996
308,0.5277777777777778,1.8723540306091309,0.4722222222222222
309,0.09523809523809523,1.526378870010376,0.9047619047619048
310,0.05555555555555555,1.4422998428344727,0.9444444444444444
311,0.25,1.5253944396972656,0.75
312,0.3,1.3182926177978516,0.7
313,0.125,1.5763635635375977,0.875
314,0.1,1.6828856468200684,0.9
315,0.52,1.7573647499084473,0.48
316,0.15,1.526050090789795,0.85
317,0.20689655172413793,1.7071805000305176,0.7931034482758621
318,0.1,1.9619340896606445,0.9
319,0.4375,1.535179853439331,0.5625
320,0.45,1.6203563213348389,0.55
321,0.2,1.3679862022399902,0.8
322,0.1111111111111111,1.426206350326538,0.8888888888888888
323,0.2,1.3827862739562988,0.8
324,0.09090909090909091,1.3227274417877197,0.9090909090909091
325,0.25,1.457277774810791,0.75
326,0.6470588235294118,1.5340559482574463,0.3529411764705882
327,0.2222222222222222,1.4461865425109863,0.7777777777777778
328,0.2727272727272727,1.8016116619110107,0.7272727272727273
329,0.25,1.4727425575256348,0.75
330,0.20588235294117646,2.3524627685546875,0.7941176470588236
331,0.2777777777777778,1.4846034049987793,0.7222222222222222
332,0.21428571428571427,1.4359443187713623,0.7857142857142857
333,0.05555555555555555,1.8229405879974365,0.9444444444444444
334,0.3225806451612903,1.7655963897705078,0.6774193548387097
335,0.26666666666666666,1.616865873336792,0.7333333333333334
336,0.2,1.467468023300171,0.8
337,0.2692307692307692,1.7476134300231934,0.7307692307692308
338,0.3888888888888889,1.4563403129577637,0.6111111111111112
339,0.16666666666666666,1.6465322971343994,0.8333333333333334
340,0.2222222222222222,1.648773193359375,0.7777777777777778
341,0.23529411764705882,1.8411610126495361,0.7647058823529411
342,0.09090909090909091,1.3406758308410645,0.9090909090909091
343,0.25,1.6742753982543945,0.75
344,0.3157894736842105,1.6355273723602295,0.6842105263157895
345,0.4666666666666667,1.441220760345459,0.5333333333333333
346,0.2857142857142857,1.5484275817871094,0.7142857142857143
347,0.375,2.1673099994659424,0.625
348,0.42857142857142855,1.4568305015563965,0.5714285714285714
349,0.47058823529411764,1.4800984859466553,0.5294117647058824
350,0.3684210526315789,1.606398105621338,0.631578947368421
351,0.13333333333333333,1.4054350852966309,0.8666666666666667
352,0.0625,1.4392023086547852,0.9375
353,0.16666666666666666,1.4825174808502197,0.8333333333333334
354,0.3,1.8508970737457275,0.7
355,0.32,1.5792226791381836,0.6799999999999999
356,0.03571428571428571,1.687133550643921,0.9642857142857143
357,0.45454545454545453,1.359114408493042,0.5454545454545454
358,0.19047619047619047,1.5681757926940918,0.8095238095238095
359,0.3076923076923077,1.4653775691986084,0.6923076923076923
360,0.3076923076923077,1.6618952751159668,0.6923076923076923
361,0.26666666666666666,1.655881404876709,0.7333333333333334
362,0.38461538461538464,1.724613904953003,0.6153846153846154
363,0.3125,1.5297331809997559,0.6875
364,0.2222222222222222,1.4804837703704834,0.7777777777777778
365,0.04,1.631389856338501,0.96
366,0.65,1.6160590648651123,0.35
367,0.2222222222222222,1.5015387535095215,0.7777777777777778
368,0.1875,1.4888129234313965,0.8125
369,0.2608695652173913,1.5256872177124023,0.7391304347826086
370,0.4827586206896552,1.8122327327728271,0.5172413793103448
371,0.35714285714285715,1.4872398376464844,0.6428571428571428
372,0.3888888888888889,1.4904425144195557,0.6111111111111112
373,0.125,1.4933650493621826,0.875
374,0.3684210526315789,1.5055689811706543,0.631578947368421
375,0.030303030303030304,1.89752197265625,0.9696969696969697
376,0.1,1.5323269367218018,0.9
377,0.23076923076923078,1.3940479755401611,0.7692307692307692
378,0.37209302325581395,2.1789557933807373,0.627906976744186
379,0.4,1.45743989944458,0.6
380,0.2,1.679758071899414,0.8
381,0.28,1.6269340515136719,0.72
382,0.18421052631578946,1.7676286697387695,0.8157894736842105
383,0.2916666666666667,1.6712865829467773,0.7083333333333333
384,0.48484848484848486,1.8263936042785645,0.5151515151515151
385,0.125,1.6403241157531738,0.875
386,0.3,1.54258131980896,0.7
387,0.05,1.69227933883667,0.95
388,0.28,1.690917730331421,0.72
389,0.3333333333333333,1.5576419830322266,0.6666666666666667
390,0.2,1.3532249927520752,0.8
391,0.7142857142857143,1.2872180938720703,0.2857142857142857
392,0.3125,1.5357954502105713,0.6875
393,0.25925925925925924,2.4402999877929688,0.7407407407407407
394,0.3125,2.5120491981506348,0.6875
395,0.2962962962962963,1.7306246757507324,0.7037037037037037
396,0.9,1.4650862216949463,0.09999999999999998
397,0.3793103448275862,1.7643356323242188,0.6206896551724138
398,0.06451612903225806,1.7622458934783936,0.935483870967742
399,0.34782608695652173,1.6309285163879395,0.6521739130434783
400,0.21428571428571427,1.4415462017059326,0.7857142857142857
401,0.18181818181818182,1.3812720775604248,0.8181818181818181
402,0.35,1.5059654712677002,0.65
403,0.4444444444444444,1.4761714935302734,0.5555555555555556
404,0.14634146341463414,1.9542346000671387,0.8536585365853658
405,0.2857142857142857,1.6443428993225098,0.7142857142857143
406,0.3,1.5422208309173584,0.7
407,0.21428571428571427,1.3608613014221191,0.7857142857142857
408,0.2692307692307692,1.7315936088562012,0.7307692307692308
409,0.030303030303030304,1.8218560218811035,0.9696969696969697
410,0.17647058823529413,1.4503870010375977,0.8235294117647058
411,0.21052631578947367,1.6314144134521484,0.7894736842105263
412,0.5833333333333334,1.6582601070404053,0.41666666666666663
413,0.2549019607843137,2.8575994968414307,0.7450980392156863
414,0.17142857142857143,2.0141289234161377,0.8285714285714285
415,0.25,1.5710980892181396,0.75
416,0.05555555555555555,1.485459566116333,0.9444444444444444
417,0.47058823529411764,1.4883992671966553,0.5294117647058824
418,0.17391304347826086,1.5920875072479248,0.8260869565217391
419,0.14705882352941177,1.9475030899047852,0.8529411764705882
420,0.1111111111111111,1.669438123703003,0.8888888888888888
421,0.23809523809523808,1.6022083759307861,0.7619047619047619
422,0.2,1.6494083404541016,0.8
423,0.3157894736842105,1.4749937057495117,0.6842105263157895
424,0.13793103448275862,1.8666303157806396,0.8620689655172413
425,0.3235294117647059,1.9092729091644287,0.6764705882352942
426,0.2903225806451613,1.742424726486206,0.7096774193548387
427,0.4166666666666667,1.3958687782287598,0.5833333333333333
428,0.1724137931034483,1.6975221633911133,0.8275862068965517
429,0.17647058823529413,1.8258252143859863,0.8235294117647058
430,0.05555555555555555,1.4935729503631592,0.9444444444444444
431,0.30434782608695654,1.7407941818237305,0.6956521739130435
432,0.42857142857142855,1.5974180698394775,0.5714285714285714
433,0.17391304347826086,1.5907773971557617,0.8260869565217391
434,0.23809523809523808,1.607346534729004,0.7619047619047619
435,0.47619047619047616,1.5901198387145996,0.5238095238095238
436,0.3,1.610365390777588,0.7
437,0.2,1.6452443599700928,0.8
438,0.3125,1.4990167617797852,0.6875
439,0.3,1.4789652824401855,0.7
440,0.2631578947368421,1.5150656700134277,0.736842105263158
441,0.16666666666666666,1.4774730205535889,0.8333333333333334
442,0.35,1.5782980918884277,0.65
443,0.29545454545454547,2.1603939533233643,0.7045454545454546
444,0.1,2.471255302429199,0.9
445,0.14285714285714285,1.6921625137329102,0.8571428571428572
446,0.13333333333333333,1.4539275169372559,0.8666666666666667
447,0.15789473684210525,1.6104888916015625,0.8421052631578947
448,0.18604651162790697,2.043154716491699,0.813953488372093
449,0.07692307692307693,1.6676454544067383,0.9230769230769231
450,0.375,1.5502328872680664,0.625
451,0.15,1.6736204624176025,0.85
452,0.4666666666666667,1.5228915214538574,0.5333333333333333
453,0.21052631578947367,1.551980972290039,0.7894736842105263
454,0.14285714285714285,1.4079680442810059,0.8571428571428572
455,0.35,1.6157231330871582,0.65
456,0.19230769230769232,1.7478325366973877,0.8076923076923077
457,0.27586206896551724,1.98280668258667,0.7241379310344828
458,0.25,1.4851982593536377,0.75
459,0.3333333333333333,1.518188714981079,0.6666666666666667
460,0.18181818181818182,1.6376063823699951,0.8181818181818181
461,0.2222222222222222,1.5520689487457275,0.7777777777777778
462,0.125,1.9293098449707031,0.875
463,0.10344827586206896,1.75272536277771,0.896551724137931
464,0.1724137931034483,1.7993519306182861,0.8275862068965517
465,0.0967741935483871,1.7190394401550293,0.9032258064516129
466,0.07692307692307693,1.4104433059692383,0.9230769230769231
467,0.2,1.7570841312408447,0.8
468,0.25925925925925924,1.8056070804595947,0.7407407407407407
469,0.47368421052631576,1.5944864749908447,0.5263157894736843
470,0.15384615384615385,1.6820323467254639,0.8461538461538461
471,0.08,1.737363338470459,0.92
472,0.19047619047619047,1.6756689548492432,0.8095238095238095
473,0.21428571428571427,1.4730501174926758,0.7857142857142857
474,0.4583333333333333,1.6607303619384766,0.5416666666666667
475,0.5,1.3561327457427979,0.5
476,0.03571428571428571,1.793168544769287,0.9642857142857143
477,0.15384615384615385,1.3885679244995117,0.8461538461538461
478,0.25,1.5849053859710693,0.75
479,0.23529411764705882,1.4663987159729004,0.7647058823529411
480,0.3,1.5156023502349854,0.7
481,0.14285714285714285,1.4396066665649414,0.8571428571428572
482,0.0625,1.479543685913086,0.9375
483,0.2571428571428571,1.9987447261810303,0.7428571428571429
484,0.4,1.4951088428497314,0.6
485,0.4666666666666667,1.5056815147399902,0.5333333333333333
486,0.5,1.4496009349822998,0.5
487,0.34615384615384615,1.7830185890197754,0.6538461538461539
488,0.47619047619047616,1.4312899112701416,0.5238095238095238
489,0.125,1.6326982975006104,0.875
490,0.17857142857142858,1.8849096298217773,0.8214285714285714
491,0.04,1.6366558074951172,0.96
492,0.2,1.6136658191680908,0.8
493,0.09090909090909091,1.5846312046051025,0.9090909090909091
494,0.12,2.2015459537506104,0.88
495,0.45,1.5913352966308594,0.55
496,0.2222222222222222,1.541167974472046,0.7777777777777778
497,0.35714285714285715,1.4286515712738037,0.6428571428571428
498,0.23529411764705882,1.8043432235717773,0.7647058823529411
499,0.047619047619047616,1.6353747844696045,0.9523809523809523
500,0.15,2.005833625793457,0.85
501,0.25,1.6729402542114258,0.75
502,0.6153846153846154,1.4948201179504395,0.3846153846153846
503,0.27586206896551724,1.7331368923187256,0.7241379310344828
504,0.16,1.7551016807556152,0.84
505,0.21428571428571427,1.4366519451141357,0.7857142857142857
506,0.3333333333333333,1.9310588836669922,0.6666666666666667
507,0.2777777777777778,1.5141868591308594,0.7222222222222222
508,0.14814814814814814,1.7552998065948486,0.8518518518518519
509,0.13636363636363635,1.6121056079864502,0.8636363636363636
510,0.07692307692307693,1.771766185760498,0.9230769230769231
511,0.13636363636363635,1.8811516761779785,0.8636363636363636
512,0.35,1.6060371398925781,0.65
513,0.3157894736842105,1.5916213989257812,0.6842105263157895
514,0.2894736842105263,2.015641927719116,0.7105263157894737
515,0.4166666666666667,1.8797714710235596,0.5833333333333333
516,0.06666666666666667,1.4961414337158203,0.9333333333333333
517,0.08333333333333333,1.4259026050567627,0.9166666666666666
518,0.41379310344827586,1.806265115737915,0.5862068965517242
519,0.23684210526315788,1.8570823669433594,0.7631578947368421
520,0.08695652173913043,1.667809247970581,0.9130434782608696
521,0.2727272727272727,1.6990220546722412,0.7272727272727273
522,0.38461538461538464,1.704338788986206,0.6153846153846154
523,0.3333333333333333,1.7032749652862549,0.6666666666666667
524,0.15,1.6200690269470215,0.85
525,0.06666666666666667,1.508300542831421,0.9333333333333333
526,0.3157894736842105,1.5759572982788086,0.6842105263157895
527,0.07894736842105263,1.8310399055480957,0.9210526315789473
528,0.21212121212121213,1.8068022727966309,0.7878787878787878
529,0.375,1.4871885776519775,0.625
530,0.05263157894736842,1.5148084163665771,0.9473684210526316
531,0.23333333333333334,1.693319320678711,0.7666666666666666
532,0.35,1.5419950485229492,0.65
533,0.05,1.5671977996826172,0.95
534,0.14285714285714285,1.6392905712127686,0.8571428571428572
535,0.1,1.5742526054382324,0.9
536,0.25,1.4753906726837158,0.75
537,0.08,1.7592363357543945,0.92
538,0.2692307692307692,1.7546136379241943,0.7307692307692308
539,0.09090909090909091,1.673076868057251,0.9090909090909091
540,0.26666666666666666,1.504370927810669,0.7333333333333334
541,0.25,1.7212419509887695,0.75
542,0.13043478260869565,1.5827915668487549,0.8695652173913043
543,0.2,1.562866449356079,0.8
544,0.1875,1.7814617156982422,0.8125
545,0.2,1.4692683219909668,0.8
546,0.35,1.5544302463531494,0.65
547,0.12,1.6869852542877197,0.88
548,0.09090909090909091,1.430997371673584,0.9090909090909091
549,0.21739130434782608,1.6134536266326904,0.782608695652174
550,0.375,1.7381091117858887,0.625
551,0.16129032258064516,1.6590166091918945,0.8387096774193549
552,0.1,1.55397367477417,0.9
553,0.5,1.5455350875854492,0.5
554,0.2727272727272727,1.6432111263275146,0.7272727272727273
555,0.16666666666666666,1.922497272491455,0.8333333333333334
556,0.08,1.7339723110198975,0.92
557,0.2857142857142857,1.500391960144043,0.7142857142857143
558,0.5238095238095238,1.7064456939697266,0.47619047619047616
559,0.2564102564102564,1.9781599044799805,0.7435897435897436
560,0.35714285714285715,1.511519432067871,0.6428571428571428
561,0.2,1.5137085914611816,0.8
562,0.4166666666666667,1.3905515670776367,0.5833333333333333
563,0.3,1.488851547241211,0.7
564,0.25,1.60837721824646,0.75
565,0.6153846153846154,1.973625898361206,0.3846153846153846
566,0.0625,1.518449068069458,0.9375
567,0.14285714285714285,1.448315143585205,0.8571428571428572
568,0.1724137931034483,1.8141465187072754,0.8275862068965517
569,0.2,1.629431962966919,0.8
570,0.15,1.5557398796081543,0.85
571,0.2830188679245283,2.88423490524292,0.7169811320754718
572,0.1875,1.5930747985839844,0.8125
573,0.2,1.5550408363342285,0.8
574,0.3,1.5318853855133057,0.7
575,0.13333333333333333,1.3873872756958008,0.8666666666666667
576,0.38461538461538464,1.8714375495910645,0.6153846153846154
577,0.2413793103448276,1.6332979202270508,0.7586206896551724
578,0.18518518518518517,1.6967849731445312,0.8148148148148149
579,0.3,1.6759746074676514,0.7
580,0.14285714285714285,1.4469549655914307,0.8571428571428572
581,0.047619047619047616,1.5458343029022217,0.9523809523809523
582,0.35294117647058826,1.8339316844940186,0.6470588235294117
583,0.2777777777777778,1.5256500244140625,0.7222222222222222
584,0.13793103448275862,1.7449538707733154,0.8620689655172413
585,0.26666666666666666,1.7990503311157227,0.7333333333333334
586,0.3125,1.6017909049987793,0.6875
587,0.21739130434782608,1.6052665710449219,0.782608695652174
588,0.14285714285714285,1.5108733177185059,0.8571428571428572
589,0.13333333333333333,1.5581629276275635,0.8666666666666667
590,0.13636363636363635,1.6010768413543701,0.8636363636363636
591,0.38461538461538464,1.8398089408874512,0.6153846153846154
592,0.06666666666666667,1.7362632751464844,0.9333333333333333
593,0.35714285714285715,1.7250144481658936,0.6428571428571428
594,0.2,1.6639623641967773,0.8
595,0.1111111111111111,1.6186754703521729,0.8888888888888888
596,0.125,1.5474176406860352,0.875
597,0.17391304347826086,1.6650445461273193,0.8260869565217391
598,0.2,1.68623948097229,0.8
599,0.2777777777777778,1.5463242530822754,0.7222222222222222
600,0.12,1.6080174446105957,0.88
601,0.16,1.6617023944854736,0.84
602,0.17647058823529413,1.841003179550171,0.8235294117647058
603,0.25,1.411982536315918,0.75
604,0.08333333333333333,1.6468536853790283,0.9166666666666666
605,0.16666666666666666,1.7921245098114014,0.8333333333333334
606,0.09523809523809523,1.7017886638641357,0.9047619047619048
607,0.05555555555555555,1.5325541496276855,0.9444444444444444
608,0.07142857142857142,1.7602858543395996,0.9285714285714286
609,0.29411764705882354,1.5400686264038086,0.7058823529411764
610,0.2,1.7572076320648193,0.8
611,0.09090909090909091,1.4228615760803223,0.9090909090909091
612,0.3,1.4089281558990479,0.7
613,0.125,1.657562017440796,0.875
614,0.25806451612903225,1.7334771156311035,0.7419354838709677
615,0.15,1.709214210510254,0.85
616,0.21428571428571427,1.4836206436157227,0.7857142857142857
617,0.21428571428571427,1.7697429656982422,0.7857142857142857
618,0.2,1.7987468242645264,0.8
619,0.25,1.562812328338623,0.75
620,0.11363636363636363,2.0309576988220215,0.8863636363636364
621,0.42105263157894735,1.6410338878631592,0.5789473684210527
622,0.15,1.5463905334472656,0.85
623,0.20588235294117646,1.8808715343475342,0.7941176470588236
624,0.29411764705882354,1.6778340339660645,0.7058823529411764
625,0.30434782608695654,1.5823194980621338,0.6956521739130435
626,0.43333333333333335,1.7422754764556885,0.5666666666666667
627,0.23529411764705882,1.8510046005249023,0.7647058823529411
628,0.10344827586206896,1.831514835357666,0.896551724137931
629,0.26666666666666666,1.7980144023895264,0.7333333333333334
630,0.13333333333333333,1.4196536540985107,0.8666666666666667
631,0.26666666666666666,1.534473180770874,0.7333333333333334
632,0.2777777777777778,1.5237858295440674,0.7222222222222222
633,0.17857142857142858,1.7082135677337646,0.8214285714285714
634,0.1875,1.7882144451141357,0.8125
635,0.26666666666666666,1.5413804054260254,0.7333333333333334
636,0.24,1.6719577312469482,0.76
637,0.1,2.5243210792541504,0.9
638,0.16666666666666666,1.466158151626587,0.8333333333333334
639,0.1875,1.538048267364502,0.8125
640,0.13793103448275862,1.7213785648345947,0.8620689655172413
641,0.09523809523809523,1.5482869148254395,0.9047619047619048
642,0.55,1.6154499053955078,0.44999999999999996
643,0.25,2.007817268371582,0.75
644,0.3333333333333333,1.8676323890686035,0.6666666666666667
645,1.0,1.6205995082855225,0.0
646,0.14285714285714285,1.4457063674926758,0.8571428571428572
647,0.34615384615384615,1.7910304069519043,0.6538461538461539
648,0.07142857142857142,1.5411293506622314,0.9285714285714286
649,0.5454545454545454,1.6338768005371094,0.4545454545454546
650,0.21428571428571427,1.483672857284546,0.7857142857142857
651,0.14814814814814814,1.734764814376831,0.8518518518518519
652,0.1724137931034483,1.7478950023651123,0.8275862068965517
653,0.16666666666666666,1.7619080543518066,0.8333333333333334
654,0.14285714285714285,1.4914464950561523,0.8571428571428572
655,0.20833333333333334,1.8132328987121582,0.7916666666666666
656,0.047619047619047616,1.6618878841400146,0.9523809523809523
657,0.25925925925925924,1.7249960899353027,0.7407407407407407
658,0.32,1.7224578857421875,0.6799999999999999
659,0.1875,1.9142277240753174,0.8125
660,0.2,1.5633494853973389,0.8
661,0.4782608695652174,1.7504432201385498,0.5217391304347826
662,0.23333333333333334,1.7522456645965576,0.7666666666666666
663,0.5263157894736842,1.6088566780090332,0.4736842105263158
664,0.4117647058823529,1.5270965099334717,0.5882352941176471
665,0.2777777777777778,1.5331401824951172,0.7222222222222222
666,0.25925925925925924,1.701458215713501,0.7407407407407407
667,0.631578947368421,1.6902847290039062,0.368421052631579
668,0.125,1.5170440673828125,0.875
669,0.08,1.7174901962280273,0.92
670,0.043478260869565216,1.7238595485687256,0.9565217391304348
671,0.12,1.6938326358795166,0.88
672,0.13333333333333333,1.4705889225006104,0.8666666666666667
673,0.35294117647058826,2.3181755542755127,0.6470588235294117
674,0.16,1.7337782382965088,0.84
675,0.16666666666666666,1.5519933700561523,0.8333333333333334
676,0.1,1.5042705535888672,0.9
677,0.2413793103448276,1.810851812362671,0.7586206896551724
678,0.125,1.417100429534912,0.875
679,0.11538461538461539,1.6463086605072021,0.8846153846153846
680,0.2,1.6281683444976807,0.8
681,0.15789473684210525,1.558945894241333,0.8421052631578947
682,0.2,1.4966363906860352,0.8
683,0.3333333333333333,1.4754502773284912,0.6666666666666667
684,0.5263157894736842,1.9959080219268799,0.4736842105263158
685,0.1,1.5752041339874268,0.9
686,0.13793103448275862,1.7973849773406982,0.8620689655172413
687,0.42424242424242425,1.9589333534240723,0.5757575757575757
688,0.14814814814814814,1.7754828929901123,0.8518518518518519
689,0.38461538461538464,1.7456650733947754,0.6153846153846154
690,0.14285714285714285,1.7154386043548584,0.8571428571428572
691,0.1875,1.8297419548034668,0.8125
692,0.08695652173913043,1.7085280418395996,0.9130434782608696
693,0.1875,1.6911420822143555,0.8125
694,0.375,1.5074117183685303,0.625
695,0.38095238095238093,1.609173059463501,0.6190476190476191
696,0.2692307692307692,1.7468373775482178,0.7307692307692308
697,0.4,1.6472678184509277,0.6
698,0.3333333333333333,1.6598589420318604,0.6666666666666667
699,0.09090909090909091,1.6800601482391357,0.9090909090909091
700,0.15625,1.991792917251587,0.84375
701,0.41379310344827586,1.7762279510498047,0.5862068965517242
702,0.325,1.983851671218872,0.675
703,0.4166666666666667,1.4325764179229736,0.5833333333333333
704,0.42857142857142855,1.6840898990631104,0.5714285714285714
705,0.4444444444444444,1.6597917079925537,0.5555555555555556
706,0.23076923076923078,1.615800142288208,0.7692307692307692
707,0.2777777777777778,1.8094017505645752,0.7222222222222222
708,0.4375,1.5110135078430176,0.5625
709,0.27586206896551724,1.774881362915039,0.7241379310344828
710,0.38095238095238093,1.6636250019073486,0.6190476190476191
711,0.2631578947368421,1.5503425598144531,0.736842105263158
712,0.2,1.8505072593688965,0.8
713,0.1724137931034483,1.7367539405822754,0.8275862068965517
714,0.2857142857142857,1.4998297691345215,0.7142857142857143
715,0.25,1.4369714260101318,0.75
716,0.2857142857142857,1.442836046218872,0.7142857142857143
717,0.375,1.4423983097076416,0.625
718,0.23076923076923078,1.785914421081543,0.7692307692307692
719,0.20833333333333334,1.7863941192626953,0.7916666666666666
720,0.03571428571428571,1.6880524158477783,0.9642857142857143
721,0.12,1.7185344696044922,0.88
722,0.20689655172413793,1.6805446147918701,0.7931034482758621
723,0.2777777777777778,1.570214033126831,0.7222222222222222
724,0.13333333333333333,1.8572559356689453,0.8666666666666667
725,0.14285714285714285,1.4955790042877197,0.8571428571428572
726,0.23076923076923078,1.4710428714752197,0.7692307692307692
727,0.3125,1.512455940246582,0.6875
728,0.75,1.383300542831421,0.25
729,0.3333333333333333,1.4931867122650146,0.6666666666666667
730,0.1,1.5850958824157715,0.9
731,0.37037037037037035,1.881033182144165,0.6296296296296297
732,0.36585365853658536,1.9567036628723145,0.6341463414634146
733,0.15789473684210525,1.518540620803833,0.8421052631578947
734,0.1724137931034483,2.4810128211975098,0.8275862068965517
735,0.09523809523809523,1.6806936264038086,0.9047619047619048
736,0.047619047619047616,1.655052661895752,0.9523809523809523
737,0.12,1.6750094890594482,0.88
738,0.05555555555555555,1.6084129810333252,0.9444444444444444
739,0.5609756097560976,2.0194191932678223,0.4390243902439024
740,0.2857142857142857,1.4372494220733643,0.7142857142857143
741,0.21739130434782608,1.6273348331451416,0.782608695652174
742,0.45,1.6224517822265625,0.55
743,0.35,1.639714241027832,0.65
744,0.3793103448275862,1.7635555267333984,0.6206896551724138
745,0.13953488372093023,2.117649793624878,0.8604651162790697
746,0.19047619047619047,1.623276948928833,0.8095238095238095
747,0.2962962962962963,1.7360262870788574,0.7037037037037037
748,0.26666666666666666,1.5618548393249512,0.7333333333333334
749,0.13333333333333333,1.4354796409606934,0.8666666666666667
750,0.06666666666666667,1.7953598499298096,0.9333333333333333
751,0.19230769230769232,1.7488510608673096,0.8076923076923077
752,0.3,2.01543927192688,0.7
753,0.18181818181818182,2.0956525802612305,0.8181818181818181
754,0.47368421052631576,1.6069695949554443,0.5263157894736843
755,0.1,1.444594383239746,0.9
756,0.23333333333333334,1.7658822536468506,0.7666666666666666
757,0.3,1.743769884109497,0.7
758,0.23684210526315788,1.879512071609497,0.7631578947368421
759,0.2222222222222222,1.915356159210205,0.7777777777777778
760,0.3,1.8949990272521973,0.7
761,0.4117647058823529,1.6095876693725586,0.5882352941176471
762,0.4,1.556274652481079,0.6
763,0.12121212121212122,1.8353979587554932,0.8787878787878788
764,0.1111111111111111,1.8758463859558105,0.8888888888888888
765,0.2692307692307692,1.7582073211669922,0.7307692307692308
766,0.20833333333333334,1.6638727188110352,0.7916666666666666
767,0.7272727272727273,1.8122930526733398,0.2727272727272727
768,0.10526315789473684,1.565971851348877,0.8947368421052632
769,0.13636363636363635,1.6618037223815918,0.8636363636363636
770,0.28,1.7577259540557861,0.72
771,0.23529411764705882,1.553962230682373,0.7647058823529411
772,0.14705882352941177,1.7698349952697754,0.8529411764705882
773,0.3888888888888889,1.6563124656677246,0.6111111111111112
774,0.29411764705882354,1.5597679615020752,0.7058823529411764
775,0.14705882352941177,1.9566960334777832,0.8529411764705882
776,0.4,1.8214232921600342,0.6
777,0.047619047619047616,1.643860101699829,0.9523809523809523
778,0.09090909090909091,1.4814770221710205,0.9090909090909091
779,0.3,1.6659760475158691,0.7
780,0.3076923076923077,1.7683820724487305,0.6923076923076923
781,0.13043478260869565,1.6309559345245361,0.8695652173913043
782,0.13636363636363635,1.6386075019836426,0.8636363636363636
783,0.45,1.5885100364685059,0.55
784,0.2692307692307692,1.745548963546753,0.7307692307692308
785,0.08,1.6357691287994385,0.92
786,0.15789473684210525,1.6688807010650635,0.8421052631578947
787,0.36,1.7082767486572266,0.64
788,0.5,1.4173691272735596,0.5
789,0.3793103448275862,1.8627607822418213,0.6206896551724138
790,0.21739130434782608,1.6766655445098877,0.782608695652174
791,0.25,1.6265053749084473,0.75
792,0.06451612903225806,1.8026485443115234,0.935483870967742
793,0.26666666666666666,1.47263765335083,0.7333333333333334
794,0.5,1.4393210411071777,0.5
795,0.35294117647058826,2.0139822959899902,0.6470588235294117
796,0.05555555555555555,1.548659086227417,0.9444444444444444
797,0.2,1.6321957111358643,0.8
798,0.2,1.6830663681030273,0.8
799,0.16,1.7306163311004639,0.84
800,0.32142857142857145,1.6836323738098145,0.6785714285714286
801,0.4375,1.6070032119750977,0.5625
802,0.21428571428571427,1.5166747570037842,0.7857142857142857
803,0.38095238095238093,1.5966637134552002,0.6190476190476191
804,0.09523809523809523,1.6729648113250732,0.9047619047619048
805,0.20588235294117646,2.4882404804229736,0.7941176470588236
806,0.04,1.7351746559143066,0.96
807,0.17857142857142858,1.6979954242706299,0.8214285714285714
808,0.29411764705882354,2.053194284439087,0.7058823529411764
809,0.14705882352941177,1.942399024963379,0.8529411764705882
810,0.35294117647058826,1.5969064235687256,0.6470588235294117
811,0.13333333333333333,1.6439108848571777,0.8666666666666667
812,0.2222222222222222,1.9427239894866943,0.7777777777777778
813,0.3225806451612903,1.8233742713928223,0.6774193548387097
814,0.14285714285714285,1.6165275573730469,0.8571428571428572
815,0.45,1.6082038879394531,0.55
816,0.26666666666666666,1.7223224639892578,0.7333333333333334
817,0.42105263157894735,1.559708595275879,0.5789473684210527
818,0.17391304347826086,1.6891460418701172,0.8260869565217391
819,0.2916666666666667,1.8230876922607422,0.7083333333333333
820,0.16129032258064516,1.8303544521331787,0.8387096774193549
821,0.5714285714285714,1.3787479400634766,0.4285714285714286
822,0.19047619047619047,1.733041763305664,0.8095238095238095
823,0.2692307692307692,1.8441929817199707,0.7307692307692308
824,0.0625,1.5250797271728516,0.9375
825,0.125,1.75972580909729,0.875
826,0.19047619047619047,1.6243860721588135,0.8095238095238095
827,0.18518518518518517,1.860945701599121,0.8148148148148149
828,0.13636363636363635,1.6498000621795654,0.8636363636363636
829,0.18181818181818182,1.69374680519104,0.8181818181818181
830,0.23809523809523808,1.539336919784546,0.7619047619047619
831,0.043478260869565216,1.555443286895752,0.9565217391304348
832,0.20588235294117646,1.9565727710723877,0.7941176470588236
833,0.3333333333333333,1.5915498733520508,0.6666666666666667
834,0.4166666666666667,1.464017629623413,0.5833333333333333
835,0.36363636363636365,1.8794324398040771,0.6363636363636364
836,0.391304347826087,1.6382956504821777,0.6086956521739131
837,0.3,1.72922945022583,0.7
838,0.2857142857142857,1.4814815521240234,0.7142857142857143
839,0.24242424242424243,1.8911535739898682,0.7575757575757576
840,0.2962962962962963,1.7476868629455566,0.7037037037037037
841,0.20689655172413793,2.045273542404175,0.7931034482758621
842,0.42857142857142855,1.4819371700286865,0.5714285714285714
843,0.30434782608695654,1.640709638595581,0.6956521739130435
844,0.625,1.4283061027526855,0.375
845,0.25,1.5963482856750488,0.75
846,0.02631578947368421,1.8690464496612549,0.9736842105263158
847,0.36,1.8301353454589844,0.64
848,0.36666666666666664,1.8382253646850586,0.6333333333333333
849,0.6666666666666666,1.8467097282409668,0.33333333333333337
850,0.2,1.804077386856079,0.8
851,0.4,1.5800127983093262,0.6
852,0.05714285714285714,1.8829281330108643,0.9428571428571428
853,0.25925925925925924,1.8045787811279297,0.7407407407407407
854,0.6,1.4070017337799072,0.4
855,0.10526315789473684,1.6374688148498535,0.8947368421052632
856,0.23333333333333334,2.0401830673217773,0.7666666666666666
857,0.10344827586206896,1.7418324947357178,0.896551724137931
858,0.1875,1.5224881172180176,0.8125
859,0.2608695652173913,1.634131669998169,0.7391304347826086
860,0.16666666666666666,1.7631735801696777,0.8333333333333334
861,0.23333333333333334,1.796447992324829,0.7666666666666666
862,0.375,1.6056718826293945,0.625
863,0.35294117647058826,2.0081586837768555,0.6470588235294117
864,0.1724137931034483,1.8180522918701172,0.8275862068965517
